epoch,time,train/box_loss,train/cls_loss,train/dfl_loss,metrics/precision(B),metrics/recall(B),metrics/mAP50(B),metrics/mAP50-95(B),val/box_loss,val/cls_loss,val/dfl_loss,lr/pg0,lr/pg1,lr/pg2
1,3.64456,1.53093,4.35477,1.22267,0.00333,0.9902,0.22993,0.16922,0.90452,3.74015,0.90557,0.00012,0.00012,0.00012
2,4.86486,1.27474,3.35031,1.09801,0.00337,1,0.92824,0.53678,0.91437,3.38107,0.85754,0.000257426,0.000257426,0.000257426
3,6.0961,1.1022,2.24455,1.03164,0.00333,0.9902,0.74816,0.40849,0.9013,3.49442,0.84038,0.00039208,0.00039208,0.00039208
4,7.37216,1.05326,1.97039,0.97707,0.00333,0.9902,0.31387,0.16939,0.7603,3.49583,0.84761,0.000523962,0.000523962,0.000523962
5,8.56051,0.99991,1.91739,0.99783,0.00333,0.9902,0.01105,0.00721,1.0363,3.68873,0.91939,0.000653072,0.000653072,0.000653072
6,9.73323,1.00262,1.74381,0.9768,0.0033,0.98039,0.0143,0.01092,0.89408,3.62518,0.89319,0.00077941,0.00077941,0.00077941
7,10.9291,0.97196,1.74372,0.98827,0.0033,0.98039,0.01584,0.01227,0.87074,3.58344,0.93823,0.000902976,0.000902976,0.000902976
8,12.0854,1.02247,1.70101,0.99319,0.01373,0.84314,0.0279,0.01853,1.0932,3.48348,1.00786,0.00102377,0.00102377,0.00102377
9,13.2764,0.94197,1.41396,0.97716,0.0637,0.47059,0.05886,0.04511,0.87444,3.26192,0.88941,0.00114179,0.00114179,0.00114179
10,14.4735,0.93585,1.42667,0.96381,1,0.81452,0.98506,0.77267,0.87648,2.45506,0.89735,0.00125704,0.00125704,0.00125704
11,15.6582,0.97092,1.44453,0.99925,0.98735,0.76541,0.93072,0.75133,0.81183,2.47425,0.88755,0.00136952,0.00136952,0.00136952
12,16.8432,1.00868,1.40149,0.98382,0.98267,0.55605,0.9662,0.69651,1.00004,2.56046,0.95096,0.00147923,0.00147923,0.00147923
13,17.9995,1.00455,1.39106,1.02149,0.95532,0.83848,0.96902,0.7377,0.93508,2.29535,0.92688,0.00158616,0.00158616,0.00158616
14,19.2923,0.96884,1.26351,0.97991,0.99696,0.95098,0.98382,0.78723,0.80074,1.56843,0.87149,0.00169032,0.00169032,0.00169032
15,20.4827,0.92512,1.2691,0.96087,0.98916,0.96078,0.98437,0.75508,0.8409,1.26283,0.91044,0.0017228,0.0017228,0.0017228
16,21.6516,0.95074,1.31417,0.9678,0.96561,0.98039,0.98704,0.74957,0.83733,1.0859,0.91475,0.001703,0.001703,0.001703
17,22.8155,0.95987,1.19058,0.92341,0.96334,0.96078,0.98701,0.75269,0.90792,1.04566,0.93275,0.0016832,0.0016832,0.0016832
18,23.9801,1.03135,1.31044,0.98482,0.95625,0.95098,0.98608,0.71314,0.94457,1.14155,0.94331,0.0016634,0.0016634,0.0016634
19,25.152,0.97543,1.13154,0.991,0.95484,0.97059,0.98223,0.68329,0.99094,0.98444,0.94683,0.0016436,0.0016436,0.0016436
20,26.3218,0.90847,1.11386,1.01276,0.93156,0.96078,0.98411,0.76273,0.76687,0.8651,0.86575,0.0016238,0.0016238,0.0016238
21,27.4869,0.90582,1.06106,0.95499,0.92445,0.95966,0.97885,0.77548,0.74681,0.89818,0.87702,0.001604,0.001604,0.001604
22,28.7621,0.89495,1.05157,0.95545,0.93278,0.95238,0.9752,0.7786,0.74704,0.92994,0.89135,0.0015842,0.0015842,0.0015842
23,29.9205,0.93145,1.11414,0.97138,0.97139,0.96078,0.9895,0.7937,0.75554,0.82243,0.87815,0.0015644,0.0015644,0.0015644
24,31.1057,0.91074,1.02513,0.93987,0.98949,0.96078,0.99316,0.78815,0.77513,0.77876,0.88779,0.0015446,0.0015446,0.0015446
25,32.2475,0.91221,0.99145,0.94537,0.99012,0.98254,0.9949,0.80216,0.745,0.77178,0.88428,0.0015248,0.0015248,0.0015248
26,33.4241,0.7667,0.89765,0.92385,0.99017,0.98776,0.9949,0.84639,0.63907,0.74207,0.85755,0.001505,0.001505,0.001505
27,34.6066,0.82489,0.95837,0.95752,0.98019,0.97006,0.98901,0.80857,0.74124,0.73841,0.87689,0.0014852,0.0014852,0.0014852
28,35.8153,0.86431,0.92771,0.933,0.98869,0.97059,0.99423,0.82647,0.7036,0.73086,0.84997,0.0014654,0.0014654,0.0014654
29,36.9729,0.89764,0.92126,0.95086,0.99769,0.97059,0.99461,0.77769,0.75446,0.72947,0.8481,0.0014456,0.0014456,0.0014456
30,38.1516,0.80868,0.82606,0.91467,0.99804,0.98039,0.9949,0.8079,0.69888,0.7088,0.83493,0.0014258,0.0014258,0.0014258
31,39.4457,0.80776,0.80775,0.91257,0.97831,0.9902,0.99372,0.83322,0.64854,0.66297,0.84459,0.001406,0.001406,0.001406
32,40.624,0.74651,0.83617,0.92103,0.99855,0.9902,0.995,0.84983,0.63373,0.65405,0.83595,0.0013862,0.0013862,0.0013862
33,41.7869,0.76585,0.79266,0.92392,0.99845,0.9902,0.995,0.85797,0.61065,0.64138,0.84069,0.0013664,0.0013664,0.0013664
34,42.9741,0.76475,0.82142,0.92607,0.99979,0.9902,0.995,0.8652,0.60256,0.61005,0.8274,0.0013466,0.0013466,0.0013466
35,44.1787,0.76773,0.80115,0.90465,0.99887,0.9902,0.995,0.83474,0.67903,0.59678,0.83457,0.0013268,0.0013268,0.0013268
36,45.3547,0.72929,0.73562,0.87357,0.999,0.9902,0.995,0.85676,0.61297,0.6223,0.82469,0.001307,0.001307,0.001307
37,46.5303,0.80564,0.84073,0.95716,0.99865,0.9902,0.995,0.86405,0.619,0.62926,0.82387,0.0012872,0.0012872,0.0012872
38,47.7051,0.69967,0.74017,0.92961,0.99914,0.9902,0.995,0.86638,0.61942,0.6256,0.82724,0.0012674,0.0012674,0.0012674
39,48.8758,0.65401,0.67525,0.84974,0.99914,0.9902,0.995,0.8504,0.6345,0.6234,0.83475,0.0012476,0.0012476,0.0012476
40,50.0371,0.68075,0.68919,0.89594,0.99792,0.9902,0.995,0.84411,0.63448,0.6441,0.83215,0.0012278,0.0012278,0.0012278
41,51.3015,0.81463,0.74024,0.93597,0.98914,0.9902,0.99461,0.84587,0.63425,0.6448,0.83522,0.001208,0.001208,0.001208
42,52.478,0.78401,0.74917,0.91343,0.98807,0.9902,0.99422,0.8435,0.62142,0.59934,0.8303,0.0011882,0.0011882,0.0011882
43,53.6503,0.73772,0.72223,0.92077,0.99951,0.9902,0.995,0.8536,0.59429,0.52726,0.82301,0.0011684,0.0011684,0.0011684
44,54.8062,0.75948,0.75467,0.89972,0.99928,0.9902,0.995,0.86765,0.59102,0.4975,0.82052,0.0011486,0.0011486,0.0011486
45,55.9557,0.69687,0.71201,0.91618,0.99911,0.9902,0.995,0.85975,0.57821,0.49048,0.82268,0.0011288,0.0011288,0.0011288
46,57.1007,0.70578,0.66732,0.87723,0.99902,0.9902,0.995,0.86699,0.52629,0.45319,0.82004,0.001109,0.001109,0.001109
47,58.2544,0.74442,0.6554,0.90306,0.99909,0.9902,0.995,0.8451,0.63575,0.49302,0.82829,0.0010892,0.0010892,0.0010892
48,59.3934,0.75479,0.65175,0.90425,0.9984,0.9902,0.995,0.86506,0.56485,0.4583,0.82007,0.0010694,0.0010694,0.0010694
49,60.5293,0.73432,0.67411,0.89457,0.99874,0.9902,0.995,0.86747,0.53774,0.44136,0.80637,0.0010496,0.0010496,0.0010496
50,61.6701,0.68843,0.65703,0.90822,0.99923,0.9902,0.995,0.88538,0.52196,0.43907,0.80386,0.0010298,0.0010298,0.0010298
51,62.9489,0.70884,0.67432,0.93535,0.99928,0.9902,0.995,0.87349,0.54209,0.44722,0.80782,0.00101,0.00101,0.00101
52,64.0915,0.67824,0.6309,0.88874,0.99935,0.9902,0.995,0.904,0.44614,0.41341,0.78801,0.0009902,0.0009902,0.0009902
53,65.2441,0.58433,0.57834,0.87116,0.99935,0.9902,0.995,0.91423,0.43268,0.40445,0.78972,0.0009704,0.0009704,0.0009704
54,66.4088,0.63037,0.59813,0.88766,0.99934,0.9902,0.995,0.9048,0.44125,0.38891,0.7931,0.0009506,0.0009506,0.0009506
55,67.5654,0.6171,0.58658,0.87034,0.99909,0.9902,0.995,0.90097,0.46591,0.38522,0.7926,0.0009308,0.0009308,0.0009308
56,68.724,0.64702,0.59872,0.85724,0.99906,0.9902,0.995,0.8922,0.4996,0.41539,0.79743,0.000911,0.000911,0.000911
57,69.8698,0.59757,0.58713,0.85637,0.99832,0.9902,0.995,0.89733,0.48355,0.40625,0.79571,0.0008912,0.0008912,0.0008912
58,71.0375,0.65319,0.64558,0.88731,0.99915,0.9902,0.995,0.89415,0.49532,0.40772,0.79892,0.0008714,0.0008714,0.0008714
59,72.1944,0.63371,0.60365,0.87042,0.99927,0.9902,0.995,0.89883,0.50415,0.42018,0.79884,0.0008516,0.0008516,0.0008516
60,73.3464,0.72742,0.63261,0.94495,0.99928,0.9902,0.995,0.89973,0.5031,0.41609,0.79941,0.0008318,0.0008318,0.0008318
61,74.4943,0.70905,0.61985,0.93377,0.9992,0.9902,0.995,0.90355,0.48149,0.41956,0.79384,0.000812,0.000812,0.000812
62,75.6716,0.65575,0.60209,0.90486,0.99893,0.9902,0.995,0.87956,0.5019,0.41797,0.79807,0.0007922,0.0007922,0.0007922
63,76.957,0.67032,0.59351,0.89244,0.99915,0.9902,0.995,0.88974,0.49445,0.40434,0.79639,0.0007724,0.0007724,0.0007724
64,78.1275,0.67302,0.57398,0.88925,0.99925,0.9902,0.995,0.89707,0.49293,0.405,0.79509,0.0007526,0.0007526,0.0007526
65,79.2711,0.6654,0.58197,0.88101,0.99906,0.9902,0.995,0.89841,0.47555,0.39434,0.79243,0.0007328,0.0007328,0.0007328
66,80.4278,0.58881,0.56592,0.89938,0.99952,0.9902,0.995,0.89615,0.48572,0.38669,0.7895,0.000713,0.000713,0.000713
67,81.5844,0.58766,0.57365,0.88162,0.9991,0.9902,0.995,0.91384,0.45595,0.37477,0.78619,0.0006932,0.0006932,0.0006932
68,82.7507,0.59493,0.52995,0.84663,0.9994,0.9902,0.995,0.89367,0.48053,0.37327,0.79622,0.0006734,0.0006734,0.0006734
69,83.9179,0.63957,0.57505,0.87162,0.99941,0.9902,0.995,0.89423,0.50359,0.38306,0.7986,0.0006536,0.0006536,0.0006536
70,85.069,0.59383,0.53803,0.86281,0.99938,0.9902,0.995,0.91978,0.44841,0.36,0.78936,0.0006338,0.0006338,0.0006338
71,86.3792,0.55537,0.5349,0.89739,0.99933,0.9902,0.995,0.91012,0.44939,0.36487,0.78802,0.000614,0.000614,0.000614
72,87.5098,0.56667,0.54584,0.88559,0.99935,0.9902,0.995,0.9112,0.47067,0.38013,0.7923,0.0005942,0.0005942,0.0005942
73,88.635,0.60661,0.54449,0.90676,0.99935,0.9902,0.995,0.91861,0.45772,0.37276,0.78977,0.0005744,0.0005744,0.0005744
74,89.8029,0.59119,0.55048,0.8773,0.9994,0.9902,0.995,0.92227,0.3935,0.35359,0.78128,0.0005546,0.0005546,0.0005546
75,90.9571,0.52531,0.50414,0.85519,0.9994,0.9902,0.995,0.9174,0.41877,0.35909,0.77995,0.0005348,0.0005348,0.0005348
76,92.1266,0.56785,0.54592,0.87413,0.99935,0.9902,0.995,0.93155,0.40508,0.3552,0.7785,0.000515,0.000515,0.000515
77,93.2597,0.57973,0.54917,0.89659,0.99937,0.9902,0.995,0.93184,0.40518,0.356,0.78064,0.0004952,0.0004952,0.0004952
78,94.4114,0.53494,0.49688,0.88006,0.99939,0.9902,0.995,0.92999,0.37784,0.34872,0.77736,0.0004754,0.0004754,0.0004754
79,95.5316,0.54498,0.50243,0.83972,0.9994,0.9902,0.995,0.92327,0.38054,0.33642,0.77832,0.0004556,0.0004556,0.0004556
80,96.7691,0.53708,0.50629,0.88372,0.9994,0.9902,0.995,0.93244,0.37642,0.33838,0.77727,0.0004358,0.0004358,0.0004358
81,97.8999,0.51257,0.48432,0.85109,0.99938,0.9902,0.995,0.9268,0.37943,0.33606,0.77875,0.000416,0.000416,0.000416
82,99.0385,0.52472,0.47733,0.8576,0.99938,0.9902,0.995,0.93912,0.39584,0.33071,0.77929,0.0003962,0.0003962,0.0003962
83,100.194,0.439,0.44728,0.83886,0.9994,0.9902,0.995,0.94722,0.3738,0.33152,0.77253,0.0003764,0.0003764,0.0003764
84,101.339,0.51514,0.48352,0.85663,0.99939,0.9902,0.995,0.93933,0.3702,0.33715,0.77196,0.0003566,0.0003566,0.0003566
85,102.453,0.5472,0.49185,0.8545,0.99938,0.9902,0.995,0.93172,0.36658,0.32751,0.77298,0.0003368,0.0003368,0.0003368
86,103.595,0.50019,0.46762,0.86565,0.99936,0.9902,0.995,0.9435,0.36549,0.32538,0.77054,0.000317,0.000317,0.000317
87,104.732,0.47899,0.4568,0.82245,0.99938,0.9902,0.995,0.9436,0.37117,0.32471,0.7674,0.0002972,0.0002972,0.0002972
88,105.859,0.51675,0.48349,0.86722,0.9994,0.9902,0.995,0.9592,0.34509,0.31998,0.76465,0.0002774,0.0002774,0.0002774
89,107.019,0.47899,0.4677,0.84849,0.9994,0.9902,0.995,0.95826,0.3414,0.31808,0.76523,0.0002576,0.0002576,0.0002576
90,108.16,0.48933,0.47214,0.8447,0.99938,0.9902,0.995,0.9504,0.34567,0.32033,0.76776,0.0002378,0.0002378,0.0002378
91,110.407,0.37299,0.40158,0.81112,0.99938,0.9902,0.995,0.9561,0.3545,0.3176,0.76848,0.000218,0.000218,0.000218
92,111.542,0.41338,0.41223,0.83624,0.99938,0.9902,0.995,0.95758,0.34995,0.31593,0.76777,0.0001982,0.0001982,0.0001982
93,112.654,0.38245,0.39628,0.80655,0.99938,0.9902,0.995,0.96165,0.34363,0.31414,0.76753,0.0001784,0.0001784,0.0001784
94,113.8,0.39877,0.39771,0.86028,0.99937,0.9902,0.995,0.96996,0.32155,0.31656,0.76573,0.0001586,0.0001586,0.0001586
95,114.928,0.40952,0.40088,0.82337,0.99937,0.9902,0.995,0.96622,0.3158,0.31151,0.76529,0.0001388,0.0001388,0.0001388
96,116.044,0.40212,0.41757,0.84992,0.99938,0.9902,0.995,0.96436,0.31748,0.30892,0.76558,0.000119,0.000119,0.000119
97,117.156,0.38108,0.38783,0.79486,0.99937,0.9902,0.995,0.97092,0.31693,0.30733,0.76451,9.92e-05,9.92e-05,9.92e-05
98,118.305,0.35062,0.3822,0.8345,0.99937,0.9902,0.995,0.96919,0.31505,0.30991,0.76507,7.94e-05,7.94e-05,7.94e-05
99,119.578,0.36707,0.38504,0.80994,0.99937,0.9902,0.995,0.96923,0.31588,0.3058,0.7652,5.96e-05,5.96e-05,5.96e-05
100,120.699,0.36513,0.38578,0.80989,0.99938,0.9902,0.995,0.96905,0.31874,0.30552,0.76379,3.98e-05,3.98e-05,3.98e-05
